,model_id,name
0,M40718,박형준
1,M40717,박형준
2,N41275,박형준
3,N41277,박형준
4,N41129,박형준
5,N41276,박형준
6,M41056,박형준
7,M41067,박형준
8,M41758 ,박형준
9,M41055,박형준
10,M41069 ,박형준
11,M41760 ,박형준
12,M50865,박형준
13,N91653 ,박형준
14,M50404 ,박형준
15,M5931J,박형준
16,M48814,박형준
17,M48813,박형준
18,"M48815
",박형준
19,M61253,박형준
20,M60729,박형준
21,M60677,박형준
22,M61254 ,박형준
23,M41741 ,박형준
24,M41241,박형준
25,M41734 ,박형준
26,M41948 ,박형준
27,M41175,박형준
28,M41722 ,박형준
29,M42755,박형준
30,N93024,박형준
31,M51197 ,박형준
32,M41639,박형준
33,M41638,박형준
34,"
M41733",박형준
35,M64124,박형준
36,M64123,박형준
37,M41534,박형준
38,M62208,박형준
39,M42210,박형준
40,M95019,박형준
41,M40113,박형준
42,M40114,박형준
43,M41109,박형준
44,M41528,박형준
45,M95009,박형준
46,N41365,박형준
47,N41532,박형준
48,N41371,박형준
49,N41534,박형준
50,M59032,박형준
51,M41108,박형준
52,M41526,박형준
53,P00000,박형준
54,M92642,박형준
55,M92643,박형준
56,M95751,박형준
57,M95832,박형준
58,M95398,박형준
59,M95586,박형준
60,M40693,박형준
61,M40690,박형준
62,M40694,박형준
63,M48610,박형준
64,M41527,박형준
65,M41989,박형준
66,N41364,박형준
67,N41531,박형준
68,N41370,박형준
69,N41533,박형준
70,M59022,박형준
71,M43007,박형준
72,M5922E,박형준
73,M95224,박형준
74,M95501,박형준
75,M41107,박형준
76,M41524,박형준
77,M95786,박형준
78,N41363,박형준
79,N41369,박형준
80,N41535,박형준
81,M41106,박형준
82,M41522,박형준
83,M41113,박형준
84,M40390,박형준
85,M42401,박형준
86,M40762,박형준
87,M41187,박형준
88,M40765,박형준
89,N41368,박형준
90,N41374,박형준
91,M41112,박형준
92,M40391,박형준
93,M40755,박형준
94,N41367,박형준
95,N41183,박형준
96,N41373,박형준
97,N41001,박형준
98,M56704,박형준
99,M56703,박형준
100,M56702,박형준
101,M41111,박형준
102,M40392,박형준
103,N41366,박형준
104,N41182,박형준
105,N41372,박형준
106,N41002,박형준
107,M41110,박형준
108,M40393,박형준
109,M40155,박형준
110,N51110,박형준
111,M40995,박형준
112,M40997,박형준
113,M41178,박형준
114,M41177,박형준
115,M40998,박형준
116,M40996,박형준
117,M40156,박형준
118,P00200,박형준
119,M40940,박형준
120,M95560,박형준
121,M48613,박형준
122,M40686,박형준
123,M43499,박형준
124,M42844,박형준
125,N41358,박형준
126,N41603,박형준
127,N51105,박형준
128,N41361,박형준
129,N41605,박형준
130,N51107,박형준
131,M40515,박형준
132,M40932,박형준
133,M40885,박형준
134,M40931,박형준
135,M40990,박형준
136,"
M41180",박형준
137,M40991,박형준
138,M40992,박형준
139,M40157,박형준
140,P00100,박형준
141,M40877,박형준
142,M93701,박형준
143,M93702,박형준
144,M93703,박형준
145,N41357,박형준
146,N51106,박형준
147,N41360,박형준
148,N41604,박형준
149,N51108,박형준
150,M92350,박형준
151,M53152,박형준
152,M41567,박형준
153,N41221,박형준
154,M41996 ,박형준
155,M90989 ,박형준
156,M90967,박형준
157,M50415 ,박형준
158,M40855 ,박형준
159,M41437,박형준
160,M41573,박형준
161,M4031N,박형준
162,N91369 ,박형준
163,N90900 ,박형준
164,M51130,박형준
165,"
M92647",박형준
166,N51131,박형준
167,M52142,박형준
168,M52147,박형준
169,M53151,박형준
170,M41579,박형준
171,M50947,박형준
172,M50412 ,박형준
173,M91611,박형준
174,M91693,박형준
175,M40444,박형준
176,"
M40443",박형준
177,N53151,박형준
178,N41247,박형준
179,M40620 ,박형준
180,M4032N,박형준
181,M51052,박형준
182,M4032J,박형준
183,M90065,박형준
184,M93625,박형준
185,M92206,박형준
186,M92203,박형준
187,M95567,박형준
188,N55213,박형준
189,N55214,박형준
190,M56035 ,박형준
191,M51214 ,박형준
192,M91619,박형준
193,M91690,박형준
194,M40780,박형준
195,M41465,박형준
196,M41462,박형준
197,M40781,박형준
198,M40905,박형준
199,M41016,박형준
200,M56688,박형준
201,N41282,박형준
202,N41280,박형준
203,N51261,박형준
204,M41015,박형준
205,M56689,박형준
206,N41281,박형준
207,N41279,박형준
208,N51262,박형준
209,M56690,박형준
210,N51263,박형준
211,M50156,박민규
212,M50157,박민규
213,M40353,박민규
214,N41460,박민규
215,N41464,박민규
216,N41448,박민규
217,N41607,박민규
218,M50154,박민규
219,M50155,박민규
220,M40352,박민규
221,N41459,박민규
222,N41462,박민규
223,N41606,박민규
224,N41447,박민규
225,M41577,박민규
226,M40354,박민규
227,N41150,박민규
228,N41152,박민규
229,M40546 ,박민규
230,M41951 ,박민규
231,M61188 ,박민규
232,M41428,박민규
233,N41415,박민규
234,M41426,박민규
235,N41427,박민규
236,N41430,박민규
237,M92197,박민규
238,M41424,박민규
239,M41422,박민규
240,M41418,박민규
241,N41349,박민규
242,N41428,박민규
243,M56711,박민규
244,N41290 ,박민규
245,M42970,박민규
246,M94402 ,박민규
247,N48223,박민규
248,M40910,박민규
249,M41416,박민규
250,M50458,박민규
251,M41414,박민규
252,N41414,박민규
253,N41429,박민규
254,N41356,박민규
255,N41413,박민규
256,M56714,박민규
257,N41144,박민규
258,M40605,박민규
259,N41323,박민규
260,M41412,박민규
261,N63067,박민규
262,N63068,박민규
263,M61674,박민규
264,N61674,박민규
265,N61676,박민규
266,M92988,박민규
267,M90182,박민규
268,M93528,박민규
269,M93651,박민규
270,M93521,박민규
271,M23032,박민규
272,N23202,박민규
273,N23000,박민규
274,M23033,박민규
275,N23204,박민규
276,N23001,박민규
277,N41337,박민규
278,N41163,박민규
279,M94479,박민규
280,M56716,박민규
281,N41164,박민규
282,N41355,박민규
283,M32665 ,박민규
284,N41234,박민규
285,N92042 ,박민규
286,M42722 ,박민규
287,M90939 ,박민규
288,M42918,박민규
289,M50394 ,박민규
290,M50396 ,박민규
291,N92246 ,박민규
292,M94764 ,박민규
293,M42919,박민규
294,N91570,박민규
295,M94719,박민규
296,M50398,박민규
297,M58700,박민규
298,M48870 ,박민규
299,M62156 ,박민규
300,M61250 ,박민규
301,N92905 ,박민규
302,M42573 ,박민규
303,M41346,박민규
304,M40817,박민규
305,N41220,박민규
306,M42224,박민규
307,N42222,박민규
308,M40840 ,박민규
309,M40818,박민규
310,M42226,박민규
311,M42229,박민규
312,M40675 ,박민규
313,M44021,박민규
314,N40152,박민규
315,M60639 ,박민규
316,M41764 ,박민규
317,M48931 ,박민규
318,M94552 ,박민규
319,M51730,박민규
320,M41066,박민규
321,M93449,박민규
322,M93447,박민규
323,M94171,박민규
324,M93450,박민규
325,M93448,박민규
326,N90886 ,박민규
327,N41174,박민규
328,M40249,박민규
329,M40259,박민규
330,M41279 ,박민규
331,M51631,박민규
332,M94335,박민규
333,N92152,박민규
334,M94686,박민규
335,M41627,박민규
336,M42383 ,박민규
337,M94647,박민규
338,N91643,박민규
339,M94425,박민규
340,M90297 ,박민규
341,M94333,박민규
342,M54233 ,박민규
343,M42833,박민규
344,M42386,박민규
345,M60460,박민규
346,M61316 ,박민규
347,M60766 ,박민규
348,M40145,박민규
349,M40146,박민규
350,M40143,박민규
351,M40144,박민규
352,M40329,박민규
353,M91616,박민규
354,M40334 ,박민규
355,M91454,박민규
356,M91797,박민규
357,M56382,박민규
358,M56381,박민규
359,N55215,박민규
360,N55216,박민규
361,M95805,박민규
362,M40325,박민규
363,M40324,박민규
364,M40102,박민규
365,M40103,박민규
366,M40104,박민규
367,M4229J,박민규
368,M95433,박민규
369,M95541,박민규
370,M95863,박민규
371,M95602,박민규
372,M95862,박민규
373,M51127,박민규
374,M51126,박민규
375,M51128,박민규
376,M51125,박민규
377,M51102,박민규
378,M51186,박민규
379,N42220,박민규
380,M51188,박민규
381,N42221,박민규
382,N51186,박민규
383,N51185,박민규
384,N51182,박민규
385,N51184,박민규
386,N51181,박민규
387,M40026,박민규
388,M40025,박민규
389,M51137,박민규
390,M51136,박민규
391,M51135,박민규
392,M40107,박민규
393,M42238,박민규
394,M42236,박민규
395,N42240,박민규
396,M95012,박민규
397,M41450,박민규
398,M52262,박민규
399,M51153,박민규
400,M51154,박민규
401,M95399,박민규
402,M41737,박민규
403,M95565,박민규
404,M95566,박민규
405,M5294D,박민규
406,M40712,박민규
407,M51980,박민규
408,M40141,박민규
409,M92007,박민규
410,M51367,박민규
411,M51366,박민규
412,M51365,박민규
413,M95753,박민규
414,M92009,박민규
415,M92010,박민규
416,N51304,박민규
417,N51303,박민규
418,M9133F,박민규
419,M91329,박민규
420,N58010,박민규
421,N51204,박민규
422,N51207,신동원
423,N51206,신동원
424,M93588,신동원
425,M93589,신동원
426,M45643,신동원
427,M45644,신동원
428,M45645,신동원
429,M91645,신동원
430,M91646,신동원
431,M93542,신동원
432,M93543,신동원
433,M40027,신동원
434,M40045,신동원
435,M91391,신동원
436,M91372,신동원
437,M91374,신동원
438,M91987,신동원
439,M93569,신동원
440,M51243,신동원
441,M51242,신동원
442,M45266,신동원
443,M45264,신동원
444,M93077,신동원
445,M40050,신동원
446,M40049,신동원
447,M40255,신동원
448,M40253,신동원
449,M40123,신동원
450,M40124,신동원
451,M95752,신동원
452,M95180,신동원
453,M92195,신동원
454,M93704,신동원
455,M93705,신동원
456,M93706,신동원
457,M41533,신동원
458,N41261,신동원
459,M43505,신동원
460,M40801,신동원
461,M95380,신동원
462,M43372,신동원
463,M43310,신동원
464,M40357,신동원
465,M97396,신동원
466,M59332,신동원
467,M48187,신동원
468,M48182,신동원
469,M51192,신동원
470,M95734,신동원
471,M51276,신동원
472,M51274,신동원
473,M32592,신동원
474,M30196,신동원
475,M30194,신동원
476,M30172,신동원
477,M52612,신동원
478,M51265,신동원
479,M51260,신동원
480,N42251,신동원
481,N42250,신동원
482,M40388,신동원
483,M40637,신동원
484,M99029,신동원
485,M40122,신동원
486,M40121,신동원
487,M40203,신동원
488,M40204,신동원
489,M40120,신동원
490,M40201,신동원
491,M40202,신동원
492,M95675,신동원
493,M41232,신동원
494,M41231,신동원
495,M92676,신동원
496,M92684,신동원
497,M56390,신동원
498,M56389,신동원
499,M56388,신동원
500,M40036,신동원
501,M40607,신동원
502,M40646,신동원
503,M51234,신동원
504,M91146,신동원
505,M91512,신동원
506,M9150f,신동원
507,M51870,신동원
508,M91854,신동원
509,M91823,신동원
510,M91878,신동원
511,M91812,신동원
512,M91815,신동원
513,M95652,신동원
514,M40099,신동원
515,M40098,신동원
516,M51290,신동원
517,M51388,신동원
518,M51257,신동원
519,M51258,신동원
520,M51256,신동원
521,M40097,신동원
522,M40096,신동원
523,M47270,신동원
524,M42228,신동원
525,M92663,신동원
526,M92662,신동원
527,M64153,신동원
528,N41685,신동원
529,N42223,신동원
530,N58028,신동원
531,N41106,신동원
532,M47636,신동원
533,M47522,신동원
534,M91009,신동원
535,M91069,신동원
536,M51151,신동원
537,M51148,신동원
538,M53013,신동원
539,N41177,신동원
540,N41179,신동원
541,M92502,신동원
542,M92501,신동원
543,M92500,신동원
544,M92504,신동원
545,M50500,신동원
546,M93769,신동원
547,M95336,신동원
548,N41113,신동원
549,N41112,신동원
550,N41111,신동원
551,M60034,신동원
552,M40710,신동원
553,M42256,신동원
554,M40662,신동원
555,M42254,신동원
556,M51147,신동원
557,M51146,신동원
558,M51145,신동원
559,M53338,신동원
560,M54462,신동원
561,M40226,신동원
562,M53361,신동원
563,M53331,신동원
564,M53305,신동원
565,M45254,신동원
566,M40076,신동원
567,M40075,신동원
568,M45244,신동원
569,N51132,신동원
570,N99038,신동원
571,M51511,신동원
572,N41176,신동원
573,N41175,신동원
574,M40009,신동원
575,M40008,신동원
576,M40007,신동원
577,M92012,신동원
578,M92013,신동원
579,M92014,신동원
580,M51254,신동원
581,M51252,신동원
582,M45236,신동원
583,M60574,신동원
584,M60743,신동원
585,M60742,신동원
586,M93437,신동원
587,M93522,신동원
588,M64631,신동원
589,M61269,신동원
590,M40474,신동원
591,M40473,신동원
592,N51296,신동원
593,N51294,신동원
594,M40504,신동원
595,N42270,신동원
596,M5223D,신동원
597,M52235,신동원
598,M5223A,신동원
599,M52234,신동원
600,M52239,신동원
601,M5223B,신동원
602,M52237,신동원
603,M52232,신동원
604,M52292,신동원
605,M52293,신동원
606,M97016,신동원
607,M97002,신동원
608,M41443,신동원
609,M51240,신동원
610,N51155,신동원
611,M92802,신동원
612,M51182,신동원
613,M51164,신동원
614,M51163,신동원
615,M51161,신동원
616,M93160,신동원
617,M93163,신동원
618,M93165,신동원
619,M92394,신동원
620,M92398,신동원
621,M40586,신동원
622,M40587,신동원
623,M40128,신동원
624,M40127,신동원
625,N41546,신동원
626,M95423,신동원
627,N51162,신동원
628,N51160,신동원
629,M62578,신동원
630,M95005,신동원
631,M95188,신동원
632,M58014,신동원
633,M51185,박동환
634,M51187,박동환
635,M56386,박동환
636,M95194,박동환
637,N41133,박동환
638,N41134,박동환
639,M92346,박동환
640,M95837,박동환
641,M95351,박동환
642,M95349,박동환
643,M95838,박동환
644,M95352,박동환
645,M95350,박동환
646,M95048,박동환
647,M40492,박동환
648,M95020,박동환
649,M95050,박동환
650,M95216,박동환
651,M40118,박동환
652,M95281,박동환
653,M95282,박동환
654,M95573,박동환
655,M95574,박동환
656,M40195,박동환
657,M45642,박동환
658,M45641,박동환
659,M40106,박동환
660,M40105,박동환
661,M95376,박동환
662,M56384,박동환
663,N48180,박동환
664,M56383,박동환
665,N48181,박동환
666,M47928,박동환
667,M95611,박동환
668,M95612,박동환
669,N41208,박동환
670,N41209,박동환
671,M93980,박동환
672,M95715,박동환
673,M95548,박동환
674,M93984,박동환
675,M93986,박동환
676,M42247,박동환
677,N51997,박동환
678,N51998,박동환
679,M40589,박동환
680,M40592,박동환
681,M40590,박동환
682,M40591,박동환
683,N51174,박동환
684,M95407,박동환
685,M95409,박동환
686,M40053,박동환
687,M40051,박동환
688,M51795,박동환
689,N41139,박동환
690,M93410,박동환
691,M93412,박동환
692,M93411,박동환
693,M93413,박동환
694,M94046,박동환
695,M40551,박동환
696,M93409,박동환
697,M95828,박동환
698,M64617,박동환
699,M56698,박동환
700,M95731,박동환
701,N41189,박동환
702,M5904J,박동환
703,M91197,박동환
704,M41544,박동환
705,N51123,박동환
706,M44015,박동환
707,M40730,박동환
708,M40653,박동환
709,M42267,박동환
710,M61276,박동환
711,M42243,박동환
712,M95122,박동환
713,M55210,박동환
714,M95579,박동환
715,M45714,박동환
716,M90091,박동환
717,M61359,박동환
718,M60697,박동환
719,M60136,박동환
720,M60138,박동환
721,M95389,박동환
722,M51790,박동환
723,N41442,박동환
724,N41441,박동환
725,N41440,박동환
726,M93614,박동환
727,M44053,박동환
728,M51110,박동환
729,M93213,박동환
730,M92235,박동환
731,M94338,박동환
732,M40303,박동환
733,M40311,박동환
734,M95576,박동환
735,M93756,박동환
736,M41620,박동환
737,M41621,박동환
738,M41299,박동환
739,M51202,박동환
740,M91550,박동환
741,M91549,박동환
742,M90070,박동환
743,M40370,박동환
744,N41254,박동환
745,N41377,박동환
746,M50184,박동환
747,M50183,박동환
748,M50261,박동환
749,M50258,박동환
750,M50259,박동환
751,N48259,박동환
752,N41435,박동환
753,N41505,박동환
754,M66264,박동환
755,M65088,박동환
756,M62694,박동환
757,M51140,박동환
758,M40047,박동환
759,N48056,박동환
760,M40306,박동환
761,M51121,박동환
762,M51225,박동환
763,M51226,박동환
764,M51227,박동환
765,M30054,박동환
766,M30058,박동환
767,M30052,박동환
768,M30148,박동환
769,M30146,박동환
770,M30144,박동환
771,M30142,박동환
772,M45257,박동환
773,M97071,박동환
774,N45255,박동환
775,M40043,박동환
776,M92311,박동환
777,M93189,박동환
778,N41102,박동환
779,N41103,박동환
780,M40385,박동환
781,M95737,박동환
782,M51179,박동환
783,M51210,박동환
784,M40193,박동환
785,M40194,박동환
786,N41544,박동환
787,M41436,박동환
788,M41435,박동환
789,M41453,박동환
790,N41558,박동환
791,M40233,박동환
792,M40094,박동환
793,N58029,박동환
794,N51212,박동환
795,M93237,박동환
796,M95493,박동환
797,M56700,박동환
798,M92995,박동환
799,M50072,박동환
800,M4023J,박동환
801,M23252,박동환
802,M64035,박동환
803,M64034,박동환
804,M23204,박동환
805,M23202,박동환
806,N41117,박동환
807,N41118,박동환
808,N41119,박동환
809,M40635,박동환
810,M51155,박동환
811,M40078,박동환
812,M40077,박동환
813,N41031,박동환
814,N41213,박동환
815,N41032,박동환
816,N41212,박동환
817,M94225,박동환
818,N52001,박동환
819,N52000,박동환
820,M42250,박동환
821,M40126,박동환
822,M40125,박동환
823,N41185,박동환
824,M51798,박동환
825,M51797,박동환
826,M52082,박동환
827,M52782,박동환
828,M52852,박동환
829,M47500,박동환
830,M5882E,박동환
831,N41542,박동환
832,M51855,박동환
833,M52433,박동환
834,M91053,박동환
835,N63169,박동환
836,N41158,박동환
837,M40057,박동환
838,M51222,박동환
839,N41169,박동환
840,M44442,박동환
841,M43559,박동환
842,N41434,박동환
843,N51150,박동환
844,M91706,박동환
